{"life": 141.41999999999211, "ammo": 79.70000000000115, "hunger": 76.5500000000019}