{"life": 45.5000000000001, "ammo": 0, "hunger": 73.6500000000015}