{"life": 79.60000000000028, "ammo": 0, "hunger": 87.6000000000007}