{"life": 55.10000000000028, "ammo": 37, "hunger": 82.300000000001}