{"life": -2.1399999999888233, "ammo": 0, "hunger": 33.65000000000377}