{"life": 89.26000000001335, "ammo": 46.9000000000006, "hunger": 34.9500000000037}