{"life": 150, "ammo": 99.65000000000002, "hunger": 99.40000000000003}