{"life": 113.29999999999504, "ammo": 2, "hunger": 81.98999999999954}