{"life": -39.52000000000209, "ammo": 10, "hunger": 98.3000000000001}