{"life": 62.60000000000028, "ammo": 47, "hunger": 86.55000000000076}